StockId,ProductName,Quantity,CostValue
1,Sony a6000,30,666.000000
2,Sony 1.8,10,200.000000
3,CPL Filter,20,20.000000
4,Tripe,2,40.000000
100,Teste,23,10.50
1000,Teste 2,0,50
